STRUCTURE,STRUCTURE_ID,STRUCTURE_NAME,ACTION,MEASURE,Measure,SEX,Sex,AGE,Age,REGION,Region,FREQ,Frequency,TIME_PERIOD,Time Period,OBS_VALUE,Observation Value,UNIT_MEASURE,Unit of Measure,OBS_STATUS,Observation Status,OBS_COMMENT,Observation Comment
DATAFLOW,ABS:ERP_Q(1.0.0),"Quarterly Population Estimates (ERP), by State/Territory, Sex and Age",I,1,Estimated Resident Population,3,Persons,TOT,All ages,AUS,Australia,Q,Quarterly,1981-Q3,,14988677,,PSNS,Persons,,,,
DATAFLOW,ABS:ERP_Q(1.0.0),"Quarterly Population Estimates (ERP), by State/Territory, Sex and Age",I,1,Estimated Resident Population,3,Persons,TOT,All ages,AUS,Australia,Q,Quarterly,1981-Q4,,15054117,,PSNS,Persons,,,,
DATAFLOW,ABS:ERP_Q(1.0.0),"Quarterly Population Estimates (ERP), by State/Territory, Sex and Age",I,1,Estimated Resident Population,3,Persons,TOT,All ages,AUS,Australia,Q,Quarterly,1982-Q1,,15121698,,PSNS,Persons,,,,
DATAFLOW,ABS:ERP_Q(1.0.0),"Quarterly Population Estimates (ERP), by State/Territory, Sex and Age",I,1,Estimated Resident Population,3,Persons,TOT,All ages,AUS,Australia,Q,Quarterly,1982-Q2,,15184247,,PSNS,Persons,,,,
DATAFLOW,ABS:ERP_Q(1.0.0),"Quarterly Population Estimates (ERP), by State/Territory, Sex and Age",I,1,Estimated Resident Population,3,Persons,TOT,All ages,AUS,Australia,Q,Quarterly,1982-Q3,,15239278,,PSNS,Persons,,,,
DATAFLOW,ABS:ERP_Q(1.0.0),"Quarterly Population Estimates (ERP), by State/Territory, Sex and Age",I,1,Estimated Resident Population,3,Persons,TOT,All ages,AUS,Australia,Q,Quarterly,1982-Q4,,15288891,,PSNS,Persons,,,,
DATAFLOW,ABS:ERP_Q(1.0.0),"Quarterly Population Estimates (ERP), by State/Territory, Sex and Age",I,1,Estimated Resident Population,3,Persons,TOT,All ages,AUS,Australia,Q,Quarterly,1983-Q1,,15346242,,PSNS,Persons,,,,
DATAFLOW,ABS:ERP_Q(1.0.0),"Quarterly Population Estimates (ERP), by State/Territory, Sex and Age",I,1,Estimated Resident Population,3,Persons,TOT,All ages,AUS,Australia,Q,Quarterly,1983-Q2,,15393472,,PSNS,Persons,,,,
DATAFLOW,ABS:ERP_Q(1.0.0),"Quarterly Population Estimates (ERP), by State/Territory, Sex and Age",I,1,Estimated Resident Population,3,Persons,TOT,All ages,AUS,Australia,Q,Quarterly,1983-Q3,,15439005,,PSNS,Persons,,,,
DATAFLOW,ABS:ERP_Q(1.0.0),"Quarterly Population Estimates (ERP), by State/Territory, Sex and Age",I,1,Estimated Resident Population,3,Persons,TOT,All ages,AUS,Australia,Q,Quarterly,1983-Q4,,15483496,,PSNS,Persons,,,,
DATAFLOW,ABS:ERP_Q(1.0.0),"Quarterly Population Estimates (ERP), by State/Territory, Sex and Age",I,1,Estimated Resident Population,3,Persons,TOT,All ages,AUS,Australia,Q,Quarterly,1984-Q1,,15531541,,PSNS,Persons,,,,
DATAFLOW,ABS:ERP_Q(1.0.0),"Quarterly Population Estimates (ERP), by State/Territory, Sex and Age",I,1,Estimated Resident Population,3,Persons,TOT,All ages,AUS,Australia,Q,Quarterly,1984-Q2,,15579391,,PSNS,Persons,,,,
DATAFLOW,ABS:ERP_Q(1.0.0),"Quarterly Population Estimates (ERP), by State/Territory, Sex and Age",I,1,Estimated Resident Population,3,Persons,TOT,All ages,AUS,Australia,Q,Quarterly,1984-Q3,,15628548,,PSNS,Persons,,,,
DATAFLOW,ABS:ERP_Q(1.0.0),"Quarterly Population Estimates (ERP), by State/Territory, Sex and Age",I,1,Estimated Resident Population,3,Persons,TOT,All ages,AUS,Australia,Q,Quarterly,1984-Q4,,15677282,,PSNS,Persons,,,,
DATAFLOW,ABS:ERP_Q(1.0.0),"Quarterly Population Estimates (ERP), by State/Territory, Sex and Age",I,1,Estimated Resident Population,3,Persons,TOT,All ages,AUS,Australia,Q,Quarterly,1985-Q1,,15736665,,PSNS,Persons,,,,
DATAFLOW,ABS:ERP_Q(1.0.0),"Quarterly Population Estimates (ERP), by State/Territory, Sex and Age",I,1,Estimated Resident Population,3,Persons,TOT,All ages,AUS,Australia,Q,Quarterly,1985-Q2,,15788312,,PSNS,Persons,,,,
DATAFLOW,ABS:ERP_Q(1.0.0),"Quarterly Population Estimates (ERP), by State/Territory, Sex and Age",I,1,Estimated Resident Population,3,Persons,TOT,All ages,AUS,Australia,Q,Quarterly,1985-Q3,,15839702,,PSNS,Persons,,,,
DATAFLOW,ABS:ERP_Q(1.0.0),"Quarterly Population Estimates (ERP), by State/Territory, Sex and Age",I,1,Estimated Resident Population,3,Persons,TOT,All ages,AUS,Australia,Q,Quarterly,1985-Q4,,15900566,,PSNS,Persons,,,,
DATAFLOW,ABS:ERP_Q(1.0.0),"Quarterly Population Estimates (ERP), by State/Territory, Sex and Age",I,1,Estimated Resident Population,3,Persons,TOT,All ages,AUS,Australia,Q,Quarterly,1986-Q1,,15961498,,PSNS,Persons,,,,
DATAFLOW,ABS:ERP_Q(1.0.0),"Quarterly Population Estimates (ERP), by State/Territory, Sex and Age",I,1,Estimated Resident Population,3,Persons,TOT,All ages,AUS,Australia,Q,Quarterly,1986-Q2,,16018350,,PSNS,Persons,,,,
DATAFLOW,ABS:ERP_Q(1.0.0),"Quarterly Population Estimates (ERP), by State/Territory, Sex and Age",I,1,Estimated Resident Population,3,Persons,TOT,All ages,AUS,Australia,Q,Quarterly,1986-Q3,,16075041,,PSNS,Persons,,,,
DATAFLOW,ABS:ERP_Q(1.0.0),"Quarterly Population Estimates (ERP), by State/Territory, Sex and Age",I,1,Estimated Resident Population,3,Persons,TOT,All ages,AUS,Australia,Q,Quarterly,1986-Q4,,16138769,,PSNS,Persons,,,,
DATAFLOW,ABS:ERP_Q(1.0.0),"Quarterly Population Estimates (ERP), by State/Territory, Sex and Age",I,1,Estimated Resident Population,3,Persons,TOT,All ages,AUS,Australia,Q,Quarterly,1987-Q1,,16204041,,PSNS,Persons,,,,
DATAFLOW,ABS:ERP_Q(1.0.0),"Quarterly Population Estimates (ERP), by State/Territory, Sex and Age",I,1,Estimated Resident Population,3,Persons,TOT,All ages,AUS,Australia,Q,Quarterly,1987-Q2,,16263874,,PSNS,Persons,,,,
DATAFLOW,ABS:ERP_Q(1.0.0),"Quarterly Population Estimates (ERP), by State/Territory, Sex and Age",I,1,Estimated Resident Population,3,Persons,TOT,All ages,AUS,Australia,Q,Quarterly,1987-Q3,,16328866,,PSNS,Persons,,,,
DATAFLOW,ABS:ERP_Q(1.0.0),"Quarterly Population Estimates (ERP), by State/Territory, Sex and Age",I,1,Estimated Resident Population,3,Persons,TOT,All ages,AUS,Australia,Q,Quarterly,1987-Q4,,16394641,,PSNS,Persons,,,,
DATAFLOW,ABS:ERP_Q(1.0.0),"Quarterly Population Estimates (ERP), by State/Territory, Sex and Age",I,1,Estimated Resident Population,3,Persons,TOT,All ages,AUS,Australia,Q,Quarterly,1988-Q1,,16471767,,PSNS,Persons,,,,
DATAFLOW,ABS:ERP_Q(1.0.0),"Quarterly Population Estimates (ERP), by State/Territory, Sex and Age",I,1,Estimated Resident Population,3,Persons,TOT,All ages,AUS,Australia,Q,Quarterly,1988-Q2,,16532164,,PSNS,Persons,,,,
DATAFLOW,ABS:ERP_Q(1.0.0),"Quarterly Population Estimates (ERP), by State/Territory, Sex and Age",I,1,Estimated Resident Population,3,Persons,TOT,All ages,AUS,Australia,Q,Quarterly,1988-Q3,,16612639,,PSNS,Persons,,,,
DATAFLOW,ABS:ERP_Q(1.0.0),"Quarterly Population Estimates (ERP), by State/Territory, Sex and Age",I,1,Estimated Resident Population,3,Persons,TOT,All ages,AUS,Australia,Q,Quarterly,1988-Q4,,16687082,,PSNS,Persons,,,,
DATAFLOW,ABS:ERP_Q(1.0.0),"Quarterly Population Estimates (ERP), by State/Territory, Sex and Age",I,1,Estimated Resident Population,3,Persons,TOT,All ages,AUS,Australia,Q,Quarterly,1989-Q1,,16764042,,PSNS,Persons,,,,
DATAFLOW,ABS:ERP_Q(1.0.0),"Quarterly Population Estimates (ERP), by State/Territory, Sex and Age",I,1,Estimated Resident Population,3,Persons,TOT,All ages,AUS,Australia,Q,Quarterly,1989-Q2,,16814416,,PSNS,Persons,,,,
DATAFLOW,ABS:ERP_Q(1.0.0),"Quarterly Population Estimates (ERP), by State/Territory, Sex and Age",I,1,Estimated Resident Population,3,Persons,TOT,All ages,AUS,Australia,Q,Quarterly,1989-Q3,,16872038,,PSNS,Persons,,,,
DATAFLOW,ABS:ERP_Q(1.0.0),"Quarterly Population Estimates (ERP), by State/Territory, Sex and Age",I,1,Estimated Resident Population,3,Persons,TOT,All ages,AUS,Australia,Q,Quarterly,1989-Q4,,16936723,,PSNS,Persons,,,,
DATAFLOW,ABS:ERP_Q(1.0.0),"Quarterly Population Estimates (ERP), by State/Territory, Sex and Age",I,1,Estimated Resident Population,3,Persons,TOT,All ages,AUS,Australia,Q,Quarterly,1990-Q1,,17005636,,PSNS,Persons,,,,
DATAFLOW,ABS:ERP_Q(1.0.0),"Quarterly Population Estimates (ERP), by State/Territory, Sex and Age",I,1,Estimated Resident Population,3,Persons,TOT,All ages,AUS,Australia,Q,Quarterly,1990-Q2,,17065128,,PSNS,Persons,,,,
DATAFLOW,ABS:ERP_Q(1.0.0),"Quarterly Population Estimates (ERP), by State/Territory, Sex and Age",I,1,Estimated Resident Population,3,Persons,TOT,All ages,AUS,Australia,Q,Quarterly,1990-Q3,,17121132,,PSNS,Persons,,,,
DATAFLOW,ABS:ERP_Q(1.0.0),"Quarterly Population Estimates (ERP), by State/Territory, Sex and Age",I,1,Estimated Resident Population,3,Persons,TOT,All ages,AUS,Australia,Q,Quarterly,1990-Q4,,17169768,,PSNS,Persons,,,,
DATAFLOW,ABS:ERP_Q(1.0.0),"Quarterly Population Estimates (ERP), by State/Territory, Sex and Age",I,1,Estimated Resident Population,3,Persons,TOT,All ages,AUS,Australia,Q,Quarterly,1991-Q1,,17237424,,PSNS,Persons,,,,
DATAFLOW,ABS:ERP_Q(1.0.0),"Quarterly Population Estimates (ERP), by State/Territory, Sex and Age",I,1,Estimated Resident Population,3,Persons,TOT,All ages,AUS,Australia,Q,Quarterly,1991-Q2,,17284036,,PSNS,Persons,,,,
DATAFLOW,ABS:ERP_Q(1.0.0),"Quarterly Population Estimates (ERP), by State/Territory, Sex and Age",I,1,Estimated Resident Population,3,Persons,TOT,All ages,AUS,Australia,Q,Quarterly,1991-Q3,,17338859,,PSNS,Persons,,,,
DATAFLOW,ABS:ERP_Q(1.0.0),"Quarterly Population Estimates (ERP), by State/Territory, Sex and Age",I,1,Estimated Resident Population,3,Persons,TOT,All ages,AUS,Australia,Q,Quarterly,1991-Q4,,17378981,,PSNS,Persons,,,,
DATAFLOW,ABS:ERP_Q(1.0.0),"Quarterly Population Estimates (ERP), by State/Territory, Sex and Age",I,1,Estimated Resident Population,3,Persons,TOT,All ages,AUS,Australia,Q,Quarterly,1992-Q1,,17441287,,PSNS,Persons,,,,
DATAFLOW,ABS:ERP_Q(1.0.0),"Quarterly Population Estimates (ERP), by State/Territory, Sex and Age",I,1,Estimated Resident Population,3,Persons,TOT,All ages,AUS,Australia,Q,Quarterly,1992-Q2,,17478635,,PSNS,Persons,,,,
DATAFLOW,ABS:ERP_Q(1.0.0),"Quarterly Population Estimates (ERP), by State/Territory, Sex and Age",I,1,Estimated Resident Population,3,Persons,TOT,All ages,AUS,Australia,Q,Quarterly,1992-Q3,,17523303,,PSNS,Persons,,,,
DATAFLOW,ABS:ERP_Q(1.0.0),"Quarterly Population Estimates (ERP), by State/Territory, Sex and Age",I,1,Estimated Resident Population,3,Persons,TOT,All ages,AUS,Australia,Q,Quarterly,1992-Q4,,17557133,,PSNS,Persons,,,,
DATAFLOW,ABS:ERP_Q(1.0.0),"Quarterly Population Estimates (ERP), by State/Territory, Sex and Age",I,1,Estimated Resident Population,3,Persons,TOT,All ages,AUS,Australia,Q,Quarterly,1993-Q1,,17609552,,PSNS,Persons,,,,
DATAFLOW,ABS:ERP_Q(1.0.0),"Quarterly Population Estimates (ERP), by State/Territory, Sex and Age",I,1,Estimated Resident Population,3,Persons,TOT,All ages,AUS,Australia,Q,Quarterly,1993-Q2,,17634808,,PSNS,Persons,,,,
DATAFLOW,ABS:ERP_Q(1.0.0),"Quarterly Population Estimates (ERP), by State/Territory, Sex and Age",I,1,Estimated Resident Population,3,Persons,TOT,All ages,AUS,Australia,Q,Quarterly,1993-Q3,,17683713,,PSNS,Persons,,,,
DATAFLOW,ABS:ERP_Q(1.0.0),"Quarterly Population Estimates (ERP), by State/Territory, Sex and Age",I,1,Estimated Resident Population,3,Persons,TOT,All ages,AUS,Australia,Q,Quarterly,1993-Q4,,17719090,,PSNS,Persons,,,,
DATAFLOW,ABS:ERP_Q(1.0.0),"Quarterly Population Estimates (ERP), by State/Territory, Sex and Age",I,1,Estimated Resident Population,3,Persons,TOT,All ages,AUS,Australia,Q,Quarterly,1994-Q1,,17772078,,PSNS,Persons,,,,
DATAFLOW,ABS:ERP_Q(1.0.0),"Quarterly Population Estimates (ERP), by State/Territory, Sex and Age",I,1,Estimated Resident Population,3,Persons,TOT,All ages,AUS,Australia,Q,Quarterly,1994-Q2,,17805468,,PSNS,Persons,,,,
DATAFLOW,ABS:ERP_Q(1.0.0),"Quarterly Population Estimates (ERP), by State/Territory, Sex and Age",I,1,Estimated Resident Population,3,Persons,TOT,All ages,AUS,Australia,Q,Quarterly,1994-Q3,,17859257,,PSNS,Persons,,,,
DATAFLOW,ABS:ERP_Q(1.0.0),"Quarterly Population Estimates (ERP), by State/Territory, Sex and Age",I,1,Estimated Resident Population,3,Persons,TOT,All ages,AUS,Australia,Q,Quarterly,1994-Q4,,17893433,,PSNS,Persons,,,,
DATAFLOW,ABS:ERP_Q(1.0.0),"Quarterly Population Estimates (ERP), by State/Territory, Sex and Age",I,1,Estimated Resident Population,3,Persons,TOT,All ages,AUS,Australia,Q,Quarterly,1995-Q1,,17951550,,PSNS,Persons,,,,
DATAFLOW,ABS:ERP_Q(1.0.0),"Quarterly Population Estimates (ERP), by State/Territory, Sex and Age",I,1,Estimated Resident Population,3,Persons,TOT,All ages,AUS,Australia,Q,Quarterly,1995-Q2,,18004882,,PSNS,Persons,,,,
DATAFLOW,ABS:ERP_Q(1.0.0),"Quarterly Population Estimates (ERP), by State/Territory, Sex and Age",I,1,Estimated Resident Population,3,Persons,TOT,All ages,AUS,Australia,Q,Quarterly,1995-Q3,,18062176,,PSNS,Persons,,,,
DATAFLOW,ABS:ERP_Q(1.0.0),"Quarterly Population Estimates (ERP), by State/Territory, Sex and Age",I,1,Estimated Resident Population,3,Persons,TOT,All ages,AUS,Australia,Q,Quarterly,1995-Q4,,18119616,,PSNS,Persons,,,,
DATAFLOW,ABS:ERP_Q(1.0.0),"Quarterly Population Estimates (ERP), by State/Territory, Sex and Age",I,1,Estimated Resident Population,3,Persons,TOT,All ages,AUS,Australia,Q,Quarterly,1996-Q1,,18175986,,PSNS,Persons,,,,
DATAFLOW,ABS:ERP_Q(1.0.0),"Quarterly Population Estimates (ERP), by State/Territory, Sex and Age",I,1,Estimated Resident Population,3,Persons,TOT,All ages,AUS,Australia,Q,Quarterly,1996-Q2,,18224767,,PSNS,Persons,,,,
DATAFLOW,ABS:ERP_Q(1.0.0),"Quarterly Population Estimates (ERP), by State/Territory, Sex and Age",I,1,Estimated Resident Population,3,Persons,TOT,All ages,AUS,Australia,Q,Quarterly,1996-Q3,,18281323,,PSNS,Persons,,,,
DATAFLOW,ABS:ERP_Q(1.0.0),"Quarterly Population Estimates (ERP), by State/Territory, Sex and Age",I,1,Estimated Resident Population,3,Persons,TOT,All ages,AUS,Australia,Q,Quarterly,1996-Q4,,18330079,,PSNS,Persons,,,,
DATAFLOW,ABS:ERP_Q(1.0.0),"Quarterly Population Estimates (ERP), by State/Territory, Sex and Age",I,1,Estimated Resident Population,3,Persons,TOT,All ages,AUS,Australia,Q,Quarterly,1997-Q1,,18388710,,PSNS,Persons,,,,
DATAFLOW,ABS:ERP_Q(1.0.0),"Quarterly Population Estimates (ERP), by State/Territory, Sex and Age",I,1,Estimated Resident Population,3,Persons,TOT,All ages,AUS,Australia,Q,Quarterly,1997-Q2,,18423037,,PSNS,Persons,,,,
DATAFLOW,ABS:ERP_Q(1.0.0),"Quarterly Population Estimates (ERP), by State/Territory, Sex and Age",I,1,Estimated Resident Population,3,Persons,TOT,All ages,AUS,Australia,Q,Quarterly,1997-Q3,,18468718,,PSNS,Persons,,,,
DATAFLOW,ABS:ERP_Q(1.0.0),"Quarterly Population Estimates (ERP), by State/Territory, Sex and Age",I,1,Estimated Resident Population,3,Persons,TOT,All ages,AUS,Australia,Q,Quarterly,1997-Q4,,18510004,,PSNS,Persons,,,,
DATAFLOW,ABS:ERP_Q(1.0.0),"Quarterly Population Estimates (ERP), by State/Territory, Sex and Age",I,1,Estimated Resident Population,3,Persons,TOT,All ages,AUS,Australia,Q,Quarterly,1998-Q1,,18572416,,PSNS,Persons,,,,
DATAFLOW,ABS:ERP_Q(1.0.0),"Quarterly Population Estimates (ERP), by State/Territory, Sex and Age",I,1,Estimated Resident Population,3,Persons,TOT,All ages,AUS,Australia,Q,Quarterly,1998-Q2,,18607584,,PSNS,Persons,,,,
DATAFLOW,ABS:ERP_Q(1.0.0),"Quarterly Population Estimates (ERP), by State/Territory, Sex and Age",I,1,Estimated Resident Population,3,Persons,TOT,All ages,AUS,Australia,Q,Quarterly,1998-Q3,,18658381,,PSNS,Persons,,,,
DATAFLOW,ABS:ERP_Q(1.0.0),"Quarterly Population Estimates (ERP), by State/Territory, Sex and Age",I,1,Estimated Resident Population,3,Persons,TOT,All ages,AUS,Australia,Q,Quarterly,1998-Q4,,18705620,,PSNS,Persons,,,,
DATAFLOW,ABS:ERP_Q(1.0.0),"Quarterly Population Estimates (ERP), by State/Territory, Sex and Age",I,1,Estimated Resident Population,3,Persons,TOT,All ages,AUS,Australia,Q,Quarterly,1999-Q1,,18770525,,PSNS,Persons,,,,
DATAFLOW,ABS:ERP_Q(1.0.0),"Quarterly Population Estimates (ERP), by State/Territory, Sex and Age",I,1,Estimated Resident Population,3,Persons,TOT,All ages,AUS,Australia,Q,Quarterly,1999-Q2,,18812264,,PSNS,Persons,,,,
DATAFLOW,ABS:ERP_Q(1.0.0),"Quarterly Population Estimates (ERP), by State/Territory, Sex and Age",I,1,Estimated Resident Population,3,Persons,TOT,All ages,AUS,Australia,Q,Quarterly,1999-Q3,,18867680,,PSNS,Persons,,,,
DATAFLOW,ABS:ERP_Q(1.0.0),"Quarterly Population Estimates (ERP), by State/Territory, Sex and Age",I,1,Estimated Resident Population,3,Persons,TOT,All ages,AUS,Australia,Q,Quarterly,1999-Q4,,18919210,,PSNS,Persons,,,,
DATAFLOW,ABS:ERP_Q(1.0.0),"Quarterly Population Estimates (ERP), by State/Territory, Sex and Age",I,1,Estimated Resident Population,3,Persons,TOT,All ages,AUS,Australia,Q,Quarterly,2000-Q1,,18986711,,PSNS,Persons,,,,
DATAFLOW,ABS:ERP_Q(1.0.0),"Quarterly Population Estimates (ERP), by State/Territory, Sex and Age",I,1,Estimated Resident Population,3,Persons,TOT,All ages,AUS,Australia,Q,Quarterly,2000-Q2,,19028802,,PSNS,Persons,,,,
DATAFLOW,ABS:ERP_Q(1.0.0),"Quarterly Population Estimates (ERP), by State/Territory, Sex and Age",I,1,Estimated Resident Population,3,Persons,TOT,All ages,AUS,Australia,Q,Quarterly,2000-Q3,,19086040,,PSNS,Persons,,,,
DATAFLOW,ABS:ERP_Q(1.0.0),"Quarterly Population Estimates (ERP), by State/Territory, Sex and Age",I,1,Estimated Resident Population,3,Persons,TOT,All ages,AUS,Australia,Q,Quarterly,2000-Q4,,19141036,,PSNS,Persons,,,,
DATAFLOW,ABS:ERP_Q(1.0.0),"Quarterly Population Estimates (ERP), by State/Territory, Sex and Age",I,1,Estimated Resident Population,3,Persons,TOT,All ages,AUS,Australia,Q,Quarterly,2001-Q1,,19225181,,PSNS,Persons,,,,
DATAFLOW,ABS:ERP_Q(1.0.0),"Quarterly Population Estimates (ERP), by State/Territory, Sex and Age",I,1,Estimated Resident Population,3,Persons,TOT,All ages,AUS,Australia,Q,Quarterly,2001-Q2,,19274701,,PSNS,Persons,,,,
DATAFLOW,ABS:ERP_Q(1.0.0),"Quarterly Population Estimates (ERP), by State/Territory, Sex and Age",I,1,Estimated Resident Population,3,Persons,TOT,All ages,AUS,Australia,Q,Quarterly,2001-Q3,,19329107,,PSNS,Persons,,,,
DATAFLOW,ABS:ERP_Q(1.0.0),"Quarterly Population Estimates (ERP), by State/Territory, Sex and Age",I,1,Estimated Resident Population,3,Persons,TOT,All ages,AUS,Australia,Q,Quarterly,2001-Q4,,19386461,,PSNS,Persons,,,,
DATAFLOW,ABS:ERP_Q(1.0.0),"Quarterly Population Estimates (ERP), by State/Territory, Sex and Age",I,1,Estimated Resident Population,3,Persons,TOT,All ages,AUS,Australia,Q,Quarterly,2002-Q1,,19453350,,PSNS,Persons,,,,
DATAFLOW,ABS:ERP_Q(1.0.0),"Quarterly Population Estimates (ERP), by State/Territory, Sex and Age",I,1,Estimated Resident Population,3,Persons,TOT,All ages,AUS,Australia,Q,Quarterly,2002-Q2,,19495210,,PSNS,Persons,,,,
DATAFLOW,ABS:ERP_Q(1.0.0),"Quarterly Population Estimates (ERP), by State/Territory, Sex and Age",I,1,Estimated Resident Population,3,Persons,TOT,All ages,AUS,Australia,Q,Quarterly,2002-Q3,,19548871,,PSNS,Persons,,,,
DATAFLOW,ABS:ERP_Q(1.0.0),"Quarterly Population Estimates (ERP), by State/Territory, Sex and Age",I,1,Estimated Resident Population,3,Persons,TOT,All ages,AUS,Australia,Q,Quarterly,2002-Q4,,19605441,,PSNS,Persons,,,,
DATAFLOW,ABS:ERP_Q(1.0.0),"Quarterly Population Estimates (ERP), by State/Territory, Sex and Age",I,1,Estimated Resident Population,3,Persons,TOT,All ages,AUS,Australia,Q,Quarterly,2003-Q1,,19676628,,PSNS,Persons,,,,
DATAFLOW,ABS:ERP_Q(1.0.0),"Quarterly Population Estimates (ERP), by State/Territory, Sex and Age",I,1,Estimated Resident Population,3,Persons,TOT,All ages,AUS,Australia,Q,Quarterly,2003-Q2,,19720737,,PSNS,Persons,,,,
DATAFLOW,ABS:ERP_Q(1.0.0),"Quarterly Population Estimates (ERP), by State/Territory, Sex and Age",I,1,Estimated Resident Population,3,Persons,TOT,All ages,AUS,Australia,Q,Quarterly,2003-Q3,,19773429,,PSNS,Persons,,,,
DATAFLOW,ABS:ERP_Q(1.0.0),"Quarterly Population Estimates (ERP), by State/Territory, Sex and Age",I,1,Estimated Resident Population,3,Persons,TOT,All ages,AUS,Australia,Q,Quarterly,2003-Q4,,19827155,,PSNS,Persons,,,,
DATAFLOW,ABS:ERP_Q(1.0.0),"Quarterly Population Estimates (ERP), by State/Territory, Sex and Age",I,1,Estimated Resident Population,3,Persons,TOT,All ages,AUS,Australia,Q,Quarterly,2004-Q1,,19894105,,PSNS,Persons,,,,
DATAFLOW,ABS:ERP_Q(1.0.0),"Quarterly Population Estimates (ERP), by State/Territory, Sex and Age",I,1,Estimated Resident Population,3,Persons,TOT,All ages,AUS,Australia,Q,Quarterly,2004-Q2,,19932722,,PSNS,Persons,,,,
DATAFLOW,ABS:ERP_Q(1.0.0),"Quarterly Population Estimates (ERP), by State/Territory, Sex and Age",I,1,Estimated Resident Population,3,Persons,TOT,All ages,AUS,Australia,Q,Quarterly,2004-Q3,,19989677,,PSNS,Persons,,,,
DATAFLOW,ABS:ERP_Q(1.0.0),"Quarterly Population Estimates (ERP), by State/Territory, Sex and Age",I,1,Estimated Resident Population,3,Persons,TOT,All ages,AUS,Australia,Q,Quarterly,2004-Q4,,20046003,,PSNS,Persons,,,,
DATAFLOW,ABS:ERP_Q(1.0.0),"Quarterly Population Estimates (ERP), by State/Territory, Sex and Age",I,1,Estimated Resident Population,3,Persons,TOT,All ages,AUS,Australia,Q,Quarterly,2005-Q1,,20126553,,PSNS,Persons,,,,
DATAFLOW,ABS:ERP_Q(1.0.0),"Quarterly Population Estimates (ERP), by State/Territory, Sex and Age",I,1,Estimated Resident Population,3,Persons,TOT,All ages,AUS,Australia,Q,Quarterly,2005-Q2,,20176844,,PSNS,Persons,,,,
DATAFLOW,ABS:ERP_Q(1.0.0),"Quarterly Population Estimates (ERP), by State/Territory, Sex and Age",I,1,Estimated Resident Population,3,Persons,TOT,All ages,AUS,Australia,Q,Quarterly,2005-Q3,,20244727,,PSNS,Persons,,,,
DATAFLOW,ABS:ERP_Q(1.0.0),"Quarterly Population Estimates (ERP), by State/Territory, Sex and Age",I,1,Estimated Resident Population,3,Persons,TOT,All ages,AUS,Australia,Q,Quarterly,2005-Q4,,20311543,,PSNS,Persons,,,,
DATAFLOW,ABS:ERP_Q(1.0.0),"Quarterly Population Estimates (ERP), by State/Territory, Sex and Age",I,1,Estimated Resident Population,3,Persons,TOT,All ages,AUS,Australia,Q,Quarterly,2006-Q1,,20398132,,PSNS,Persons,,,,
DATAFLOW,ABS:ERP_Q(1.0.0),"Quarterly Population Estimates (ERP), by State/Territory, Sex and Age",I,1,Estimated Resident Population,3,Persons,TOT,All ages,AUS,Australia,Q,Quarterly,2006-Q2,,20450966,,PSNS,Persons,,,,
DATAFLOW,ABS:ERP_Q(1.0.0),"Quarterly Population Estimates (ERP), by State/Territory, Sex and Age",I,1,Estimated Resident Population,3,Persons,TOT,All ages,AUS,Australia,Q,Quarterly,2006-Q3,,20542282,,PSNS,Persons,,,,
DATAFLOW,ABS:ERP_Q(1.0.0),"Quarterly Population Estimates (ERP), by State/Territory, Sex and Age",I,1,Estimated Resident Population,3,Persons,TOT,All ages,AUS,Australia,Q,Quarterly,2006-Q4,,20627547,,PSNS,Persons,,,,
DATAFLOW,ABS:ERP_Q(1.0.0),"Quarterly Population Estimates (ERP), by State/Territory, Sex and Age",I,1,Estimated Resident Population,3,Persons,TOT,All ages,AUS,Australia,Q,Quarterly,2007-Q1,,20742817,,PSNS,Persons,,,,
DATAFLOW,ABS:ERP_Q(1.0.0),"Quarterly Population Estimates (ERP), by State/Territory, Sex and Age",I,1,Estimated Resident Population,3,Persons,TOT,All ages,AUS,Australia,Q,Quarterly,2007-Q2,,20827622,,PSNS,Persons,,,,
DATAFLOW,ABS:ERP_Q(1.0.0),"Quarterly Population Estimates (ERP), by State/Territory, Sex and Age",I,1,Estimated Resident Population,3,Persons,TOT,All ages,AUS,Australia,Q,Quarterly,2007-Q3,,20924160,,PSNS,Persons,,,,
DATAFLOW,ABS:ERP_Q(1.0.0),"Quarterly Population Estimates (ERP), by State/Territory, Sex and Age",I,1,Estimated Resident Population,3,Persons,TOT,All ages,AUS,Australia,Q,Quarterly,2007-Q4,,21016121,,PSNS,Persons,,,,
DATAFLOW,ABS:ERP_Q(1.0.0),"Quarterly Population Estimates (ERP), by State/Territory, Sex and Age",I,1,Estimated Resident Population,3,Persons,TOT,All ages,AUS,Australia,Q,Quarterly,2008-Q1,,21148928,,PSNS,Persons,,,,
DATAFLOW,ABS:ERP_Q(1.0.0),"Quarterly Population Estimates (ERP), by State/Territory, Sex and Age",I,1,Estimated Resident Population,3,Persons,TOT,All ages,AUS,Australia,Q,Quarterly,2008-Q2,,21249199,,PSNS,Persons,,,,
DATAFLOW,ABS:ERP_Q(1.0.0),"Quarterly Population Estimates (ERP), by State/Territory, Sex and Age",I,1,Estimated Resident Population,3,Persons,TOT,All ages,AUS,Australia,Q,Quarterly,2008-Q3,,21366049,,PSNS,Persons,,,,
DATAFLOW,ABS:ERP_Q(1.0.0),"Quarterly Population Estimates (ERP), by State/Territory, Sex and Age",I,1,Estimated Resident Population,3,Persons,TOT,All ages,AUS,Australia,Q,Quarterly,2008-Q4,,21475625,,PSNS,Persons,,,,
DATAFLOW,ABS:ERP_Q(1.0.0),"Quarterly Population Estimates (ERP), by State/Territory, Sex and Age",I,1,Estimated Resident Population,3,Persons,TOT,All ages,AUS,Australia,Q,Quarterly,2009-Q1,,21601676,,PSNS,Persons,,,,
DATAFLOW,ABS:ERP_Q(1.0.0),"Quarterly Population Estimates (ERP), by State/Territory, Sex and Age",I,1,Estimated Resident Population,3,Persons,TOT,All ages,AUS,Australia,Q,Quarterly,2009-Q2,,21691653,,PSNS,Persons,,,,
DATAFLOW,ABS:ERP_Q(1.0.0),"Quarterly Population Estimates (ERP), by State/Territory, Sex and Age",I,1,Estimated Resident Population,3,Persons,TOT,All ages,AUS,Australia,Q,Quarterly,2009-Q3,,21788088,,PSNS,Persons,,,,
DATAFLOW,ABS:ERP_Q(1.0.0),"Quarterly Population Estimates (ERP), by State/Territory, Sex and Age",I,1,Estimated Resident Population,3,Persons,TOT,All ages,AUS,Australia,Q,Quarterly,2009-Q4,,21865623,,PSNS,Persons,,,,
DATAFLOW,ABS:ERP_Q(1.0.0),"Quarterly Population Estimates (ERP), by State/Territory, Sex and Age",I,1,Estimated Resident Population,3,Persons,TOT,All ages,AUS,Australia,Q,Quarterly,2010-Q1,,21964097,,PSNS,Persons,,,,
DATAFLOW,ABS:ERP_Q(1.0.0),"Quarterly Population Estimates (ERP), by State/Territory, Sex and Age",I,1,Estimated Resident Population,3,Persons,TOT,All ages,AUS,Australia,Q,Quarterly,2010-Q2,,22031750,,PSNS,Persons,,,,
DATAFLOW,ABS:ERP_Q(1.0.0),"Quarterly Population Estimates (ERP), by State/Territory, Sex and Age",I,1,Estimated Resident Population,3,Persons,TOT,All ages,AUS,Australia,Q,Quarterly,2010-Q3,,22104402,,PSNS,Persons,,,,
DATAFLOW,ABS:ERP_Q(1.0.0),"Quarterly Population Estimates (ERP), by State/Territory, Sex and Age",I,1,Estimated Resident Population,3,Persons,TOT,All ages,AUS,Australia,Q,Quarterly,2010-Q4,,22172469,,PSNS,Persons,,,,
DATAFLOW,ABS:ERP_Q(1.0.0),"Quarterly Population Estimates (ERP), by State/Territory, Sex and Age",I,1,Estimated Resident Population,3,Persons,TOT,All ages,AUS,Australia,Q,Quarterly,2011-Q1,,22268758,,PSNS,Persons,,,,
DATAFLOW,ABS:ERP_Q(1.0.0),"Quarterly Population Estimates (ERP), by State/Territory, Sex and Age",I,1,Estimated Resident Population,3,Persons,TOT,All ages,AUS,Australia,Q,Quarterly,2011-Q2,,22340024,,PSNS,Persons,,,,
DATAFLOW,ABS:ERP_Q(1.0.0),"Quarterly Population Estimates (ERP), by State/Territory, Sex and Age",I,1,Estimated Resident Population,3,Persons,TOT,All ages,AUS,Australia,Q,Quarterly,2011-Q3,,22432771,,PSNS,Persons,,,,
DATAFLOW,ABS:ERP_Q(1.0.0),"Quarterly Population Estimates (ERP), by State/Territory, Sex and Age",I,1,Estimated Resident Population,3,Persons,TOT,All ages,AUS,Australia,Q,Quarterly,2011-Q4,,22522197,,PSNS,Persons,,,,
DATAFLOW,ABS:ERP_Q(1.0.0),"Quarterly Population Estimates (ERP), by State/Territory, Sex and Age",I,1,Estimated Resident Population,3,Persons,TOT,All ages,AUS,Australia,Q,Quarterly,2012-Q1,,22640943,,PSNS,Persons,,,,
DATAFLOW,ABS:ERP_Q(1.0.0),"Quarterly Population Estimates (ERP), by State/Territory, Sex and Age",I,1,Estimated Resident Population,3,Persons,TOT,All ages,AUS,Australia,Q,Quarterly,2012-Q2,,22733465,,PSNS,Persons,,,,
DATAFLOW,ABS:ERP_Q(1.0.0),"Quarterly Population Estimates (ERP), by State/Territory, Sex and Age",I,1,Estimated Resident Population,3,Persons,TOT,All ages,AUS,Australia,Q,Quarterly,2012-Q3,,22833922,,PSNS,Persons,,,,
DATAFLOW,ABS:ERP_Q(1.0.0),"Quarterly Population Estimates (ERP), by State/Territory, Sex and Age",I,1,Estimated Resident Population,3,Persons,TOT,All ages,AUS,Australia,Q,Quarterly,2012-Q4,,22928023,,PSNS,Persons,,,,
DATAFLOW,ABS:ERP_Q(1.0.0),"Quarterly Population Estimates (ERP), by State/Territory, Sex and Age",I,1,Estimated Resident Population,3,Persons,TOT,All ages,AUS,Australia,Q,Quarterly,2013-Q1,,23043004,,PSNS,Persons,,,,
DATAFLOW,ABS:ERP_Q(1.0.0),"Quarterly Population Estimates (ERP), by State/Territory, Sex and Age",I,1,Estimated Resident Population,3,Persons,TOT,All ages,AUS,Australia,Q,Quarterly,2013-Q2,,23128129,,PSNS,Persons,,,,
DATAFLOW,ABS:ERP_Q(1.0.0),"Quarterly Population Estimates (ERP), by State/Territory, Sex and Age",I,1,Estimated Resident Population,3,Persons,TOT,All ages,AUS,Australia,Q,Quarterly,2013-Q3,,23220231,,PSNS,Persons,,,,
DATAFLOW,ABS:ERP_Q(1.0.0),"Quarterly Population Estimates (ERP), by State/Territory, Sex and Age",I,1,Estimated Resident Population,3,Persons,TOT,All ages,AUS,Australia,Q,Quarterly,2013-Q4,,23297777,,PSNS,Persons,,,,
DATAFLOW,ABS:ERP_Q(1.0.0),"Quarterly Population Estimates (ERP), by State/Territory, Sex and Age",I,1,Estimated Resident Population,3,Persons,TOT,All ages,AUS,Australia,Q,Quarterly,2014-Q1,,23406193,,PSNS,Persons,,,,
DATAFLOW,ABS:ERP_Q(1.0.0),"Quarterly Population Estimates (ERP), by State/Territory, Sex and Age",I,1,Estimated Resident Population,3,Persons,TOT,All ages,AUS,Australia,Q,Quarterly,2014-Q2,,23475686,,PSNS,Persons,,,,
DATAFLOW,ABS:ERP_Q(1.0.0),"Quarterly Population Estimates (ERP), by State/Territory, Sex and Age",I,1,Estimated Resident Population,3,Persons,TOT,All ages,AUS,Australia,Q,Quarterly,2014-Q3,,23562901,,PSNS,Persons,,,,
DATAFLOW,ABS:ERP_Q(1.0.0),"Quarterly Population Estimates (ERP), by State/Territory, Sex and Age",I,1,Estimated Resident Population,3,Persons,TOT,All ages,AUS,Australia,Q,Quarterly,2014-Q4,,23640331,,PSNS,Persons,,,,
DATAFLOW,ABS:ERP_Q(1.0.0),"Quarterly Population Estimates (ERP), by State/Territory, Sex and Age",I,1,Estimated Resident Population,3,Persons,TOT,All ages,AUS,Australia,Q,Quarterly,2015-Q1,,23745629,,PSNS,Persons,,,,
DATAFLOW,ABS:ERP_Q(1.0.0),"Quarterly Population Estimates (ERP), by State/Territory, Sex and Age",I,1,Estimated Resident Population,3,Persons,TOT,All ages,AUS,Australia,Q,Quarterly,2015-Q2,,23815995,,PSNS,Persons,,,,
DATAFLOW,ABS:ERP_Q(1.0.0),"Quarterly Population Estimates (ERP), by State/Territory, Sex and Age",I,1,Estimated Resident Population,3,Persons,TOT,All ages,AUS,Australia,Q,Quarterly,2015-Q3,,23904271,,PSNS,Persons,,,,
DATAFLOW,ABS:ERP_Q(1.0.0),"Quarterly Population Estimates (ERP), by State/Territory, Sex and Age",I,1,Estimated Resident Population,3,Persons,TOT,All ages,AUS,Australia,Q,Quarterly,2015-Q4,,23984581,,PSNS,Persons,,,,
DATAFLOW,ABS:ERP_Q(1.0.0),"Quarterly Population Estimates (ERP), by State/Territory, Sex and Age",I,1,Estimated Resident Population,3,Persons,TOT,All ages,AUS,Australia,Q,Quarterly,2016-Q1,,24103425,,PSNS,Persons,,,,
DATAFLOW,ABS:ERP_Q(1.0.0),"Quarterly Population Estimates (ERP), by State/Territory, Sex and Age",I,1,Estimated Resident Population,3,Persons,TOT,All ages,AUS,Australia,Q,Quarterly,2016-Q2,,24190907,,PSNS,Persons,,,,
DATAFLOW,ABS:ERP_Q(1.0.0),"Quarterly Population Estimates (ERP), by State/Territory, Sex and Age",I,1,Estimated Resident Population,3,Persons,TOT,All ages,AUS,Australia,Q,Quarterly,2016-Q3,,24297530,,PSNS,Persons,,,,
DATAFLOW,ABS:ERP_Q(1.0.0),"Quarterly Population Estimates (ERP), by State/Territory, Sex and Age",I,1,Estimated Resident Population,3,Persons,TOT,All ages,AUS,Australia,Q,Quarterly,2016-Q4,,24385064,,PSNS,Persons,,,,
DATAFLOW,ABS:ERP_Q(1.0.0),"Quarterly Population Estimates (ERP), by State/Territory, Sex and Age",I,1,Estimated Resident Population,3,Persons,TOT,All ages,AUS,Australia,Q,Quarterly,2017-Q1,,24511409,,PSNS,Persons,,,,
DATAFLOW,ABS:ERP_Q(1.0.0),"Quarterly Population Estimates (ERP), by State/Territory, Sex and Age",I,1,Estimated Resident Population,3,Persons,TOT,All ages,AUS,Australia,Q,Quarterly,2017-Q2,,24592588,,PSNS,Persons,,,,
DATAFLOW,ABS:ERP_Q(1.0.0),"Quarterly Population Estimates (ERP), by State/Territory, Sex and Age",I,1,Estimated Resident Population,3,Persons,TOT,All ages,AUS,Australia,Q,Quarterly,2017-Q3,,24690071,,PSNS,Persons,,,,
DATAFLOW,ABS:ERP_Q(1.0.0),"Quarterly Population Estimates (ERP), by State/Territory, Sex and Age",I,1,Estimated Resident Population,3,Persons,TOT,All ages,AUS,Australia,Q,Quarterly,2017-Q4,,24759018,,PSNS,Persons,,,,
DATAFLOW,ABS:ERP_Q(1.0.0),"Quarterly Population Estimates (ERP), by State/Territory, Sex and Age",I,1,Estimated Resident Population,3,Persons,TOT,All ages,AUS,Australia,Q,Quarterly,2018-Q1,,24881751,,PSNS,Persons,,,,
DATAFLOW,ABS:ERP_Q(1.0.0),"Quarterly Population Estimates (ERP), by State/Territory, Sex and Age",I,1,Estimated Resident Population,3,Persons,TOT,All ages,AUS,Australia,Q,Quarterly,2018-Q2,,24963258,,PSNS,Persons,,,,
DATAFLOW,ABS:ERP_Q(1.0.0),"Quarterly Population Estimates (ERP), by State/Territory, Sex and Age",I,1,Estimated Resident Population,3,Persons,TOT,All ages,AUS,Australia,Q,Quarterly,2018-Q3,,25067399,,PSNS,Persons,,,,
DATAFLOW,ABS:ERP_Q(1.0.0),"Quarterly Population Estimates (ERP), by State/Territory, Sex and Age",I,1,Estimated Resident Population,3,Persons,TOT,All ages,AUS,Australia,Q,Quarterly,2018-Q4,,25146140,,PSNS,Persons,,,,
DATAFLOW,ABS:ERP_Q(1.0.0),"Quarterly Population Estimates (ERP), by State/Territory, Sex and Age",I,1,Estimated Resident Population,3,Persons,TOT,All ages,AUS,Australia,Q,Quarterly,2019-Q1,,25264932,,PSNS,Persons,,,,
DATAFLOW,ABS:ERP_Q(1.0.0),"Quarterly Population Estimates (ERP), by State/Territory, Sex and Age",I,1,Estimated Resident Population,3,Persons,TOT,All ages,AUS,Australia,Q,Quarterly,2019-Q2,,25334826,,PSNS,Persons,,,,
DATAFLOW,ABS:ERP_Q(1.0.0),"Quarterly Population Estimates (ERP), by State/Territory, Sex and Age",I,1,Estimated Resident Population,3,Persons,TOT,All ages,AUS,Australia,Q,Quarterly,2019-Q3,,25438073,,PSNS,Persons,,,,
DATAFLOW,ABS:ERP_Q(1.0.0),"Quarterly Population Estimates (ERP), by State/Territory, Sex and Age",I,1,Estimated Resident Population,3,Persons,TOT,All ages,AUS,Australia,Q,Quarterly,2019-Q4,,25520468,,PSNS,Persons,,,,
DATAFLOW,ABS:ERP_Q(1.0.0),"Quarterly Population Estimates (ERP), by State/Territory, Sex and Age",I,1,Estimated Resident Population,3,Persons,TOT,All ages,AUS,Australia,Q,Quarterly,2020-Q1,,25627924,,PSNS,Persons,,,,
DATAFLOW,ABS:ERP_Q(1.0.0),"Quarterly Population Estimates (ERP), by State/Territory, Sex and Age",I,1,Estimated Resident Population,3,Persons,TOT,All ages,AUS,Australia,Q,Quarterly,2020-Q2,,25649248,,PSNS,Persons,,,,
DATAFLOW,ABS:ERP_Q(1.0.0),"Quarterly Population Estimates (ERP), by State/Territory, Sex and Age",I,1,Estimated Resident Population,3,Persons,TOT,All ages,AUS,Australia,Q,Quarterly,2020-Q3,,25633341,,PSNS,Persons,,,,
DATAFLOW,ABS:ERP_Q(1.0.0),"Quarterly Population Estimates (ERP), by State/Territory, Sex and Age",I,1,Estimated Resident Population,3,Persons,TOT,All ages,AUS,Australia,Q,Quarterly,2020-Q4,,25630698,,PSNS,Persons,,,,
DATAFLOW,ABS:ERP_Q(1.0.0),"Quarterly Population Estimates (ERP), by State/Territory, Sex and Age",I,1,Estimated Resident Population,3,Persons,TOT,All ages,AUS,Australia,Q,Quarterly,2021-Q1,,25653005,,PSNS,Persons,,,,
DATAFLOW,ABS:ERP_Q(1.0.0),"Quarterly Population Estimates (ERP), by State/Territory, Sex and Age",I,1,Estimated Resident Population,3,Persons,TOT,All ages,AUS,Australia,Q,Quarterly,2021-Q2,,25685412,,PSNS,Persons,,,,
DATAFLOW,ABS:ERP_Q(1.0.0),"Quarterly Population Estimates (ERP), by State/Territory, Sex and Age",I,1,Estimated Resident Population,3,Persons,TOT,All ages,AUS,Australia,Q,Quarterly,2021-Q3,,25704774,,PSNS,Persons,,,,
DATAFLOW,ABS:ERP_Q(1.0.0),"Quarterly Population Estimates (ERP), by State/Territory, Sex and Age",I,1,Estimated Resident Population,3,Persons,TOT,All ages,AUS,Australia,Q,Quarterly,2021-Q4,,25773795,,PSNS,Persons,,,,
DATAFLOW,ABS:ERP_Q(1.0.0),"Quarterly Population Estimates (ERP), by State/Territory, Sex and Age",I,1,Estimated Resident Population,3,Persons,TOT,All ages,AUS,Australia,Q,Quarterly,2022-Q1,,25912977,,PSNS,Persons,,,,
DATAFLOW,ABS:ERP_Q(1.0.0),"Quarterly Population Estimates (ERP), by State/Territory, Sex and Age",I,1,Estimated Resident Population,3,Persons,TOT,All ages,AUS,Australia,Q,Quarterly,2022-Q2,,26018721,,PSNS,Persons,,,,
DATAFLOW,ABS:ERP_Q(1.0.0),"Quarterly Population Estimates (ERP), by State/Territory, Sex and Age",I,1,Estimated Resident Population,3,Persons,TOT,All ages,AUS,Australia,Q,Quarterly,2022-Q3,,26169314,,PSNS,Persons,,,,
DATAFLOW,ABS:ERP_Q(1.0.0),"Quarterly Population Estimates (ERP), by State/Territory, Sex and Age",I,1,Estimated Resident Population,3,Persons,TOT,All ages,AUS,Australia,Q,Quarterly,2022-Q4,,26320285,,PSNS,Persons,,,,
DATAFLOW,ABS:ERP_Q(1.0.0),"Quarterly Population Estimates (ERP), by State/Territory, Sex and Age",I,1,Estimated Resident Population,3,Persons,TOT,All ages,AUS,Australia,Q,Quarterly,2023-Q1,,26514302,,PSNS,Persons,,,,
DATAFLOW,ABS:ERP_Q(1.0.0),"Quarterly Population Estimates (ERP), by State/Territory, Sex and Age",I,1,Estimated Resident Population,3,Persons,TOT,All ages,AUS,Australia,Q,Quarterly,2023-Q2,,26659922,,PSNS,Persons,,,,
DATAFLOW,ABS:ERP_Q(1.0.0),"Quarterly Population Estimates (ERP), by State/Territory, Sex and Age",I,1,Estimated Resident Population,3,Persons,TOT,All ages,AUS,Australia,Q,Quarterly,2023-Q3,,26831131,,PSNS,Persons,,,,
DATAFLOW,ABS:ERP_Q(1.0.0),"Quarterly Population Estimates (ERP), by State/Territory, Sex and Age",I,1,Estimated Resident Population,3,Persons,TOT,All ages,AUS,Australia,Q,Quarterly,2023-Q4,,26956660,,PSNS,Persons,,,,
DATAFLOW,ABS:ERP_Q(1.0.0),"Quarterly Population Estimates (ERP), by State/Territory, Sex and Age",I,1,Estimated Resident Population,3,Persons,TOT,All ages,AUS,Australia,Q,Quarterly,2024-Q1,,27113517,,PSNS,Persons,,,,
DATAFLOW,ABS:ERP_Q(1.0.0),"Quarterly Population Estimates (ERP), by State/Territory, Sex and Age",I,1,Estimated Resident Population,3,Persons,TOT,All ages,AUS,Australia,Q,Quarterly,2024-Q2,,27194286,,PSNS,Persons,,,,
DATAFLOW,ABS:ERP_Q(1.0.0),"Quarterly Population Estimates (ERP), by State/Territory, Sex and Age",I,1,Estimated Resident Population,3,Persons,TOT,All ages,AUS,Australia,Q,Quarterly,2024-Q3,,27299005,,PSNS,Persons,,,,
DATAFLOW,ABS:ERP_Q(1.0.0),"Quarterly Population Estimates (ERP), by State/Territory, Sex and Age",I,1,Estimated Resident Population,3,Persons,TOT,All ages,AUS,Australia,Q,Quarterly,2024-Q4,,27391125,,PSNS,Persons,,,,
DATAFLOW,ABS:ERP_Q(1.0.0),"Quarterly Population Estimates (ERP), by State/Territory, Sex and Age",I,1,Estimated Resident Population,3,Persons,TOT,All ages,AUS,Australia,Q,Quarterly,2025-Q1,,27528422,,PSNS,Persons,,,,
DATAFLOW,ABS:ERP_Q(1.0.0),"Quarterly Population Estimates (ERP), by State/Territory, Sex and Age",I,1,Estimated Resident Population,3,Persons,TOT,All ages,AUS,Australia,Q,Quarterly,2025-Q2,,27601739,,PSNS,Persons,,,,
DATAFLOW,ABS:ERP_Q(1.0.0),"Quarterly Population Estimates (ERP), by State/Territory, Sex and Age",I,1,Estimated Resident Population,3,Persons,TOT,All ages,AUS,Australia,Q,Quarterly,2025-Q3,,27712106,,PSNS,Persons,,,,
DATAFLOW,ABS:ERP_Q(1.0.0),"Quarterly Population Estimates (ERP), by State/Territory, Sex and Age",I,1,Estimated Resident Population,3,Persons,TOT,All ages,AUS,Australia,Q,Quarterly,2025-Q4,,27790263,,PSNS,Persons,,,,
DATAFLOW,ABS:ERP_Q(1.0.0),"Quarterly Population Estimates (ERP), by State/Territory, Sex and Age",I,1,Estimated Resident Population,3,Persons,TOT,All ages,AUS,Australia,Q,Quarterly,2026-Q1,,27921150,,PSNS,Persons,,,,
