source_id,path,url,accessed_utc,bytes,sha256
hf2025_supplementary,data/raw/hf2025_supplementary/rdp-2025-05-supplementary-information.zip,https://www.rba.gov.au/publications/rdp/2025/2025-05/rdp-2025-05-supplementary-information.zip,2026-10-05T00:20:52Z,1874297,3c0202dfb6fc4d71772278e42234bf98d753d7b97000298cbb4db32195df9699
emx2023_replication,data/raw/emx2023_replication/emx2023_dataverse.zip,https://dataverse.harvard.edu/api/access/dataset/:persistentId/?persistentId=doi:10.7910/DVN/GVLDPZ,2026-10-05T00:21:03Z,79401,9292d36e28aedf571fd7fa325baf5beefea857f08bf1650d84ea64cfb2f37710
literature,literature/emx2023_jpe.pdf,https://www.chrisedmond.net/Edmond%20Midrigan%20Xu%20JPE%202023.pdf,2026-10-05T00:21:06Z,776760,4b70bfb51d445ab147e5dd162b91147086e26562a6e98fccfd7a0ff154316630
literature,literature/champion_edmond_hambur_2025.pdf,https://www.chrisedmond.net/papers/CEH_Competition_Markups_Inflation_2025.pdf,2026-10-05T00:21:09Z,1050139,a72e6a8413f77da4b3467eb44014b90ba01328c5dcdcb9ab506b365634937c2e
abs_australian_industry,data/raw/abs/AUSTRALIAN_INDUSTRY.csv,"https://data.api.abs.gov.au/rest/data/ABS,AUSTRALIAN_INDUSTRY,1.1.0/all?format=csvfilewithlabels",2026-10-05T00:21:11Z,9017811,048cb6ec5519d4294561db04425a3c0893d7e7764f9dd010f290e1056e79313b
abs_national_accounts,data/raw/abs/ANA_AGG.csv,"https://data.api.abs.gov.au/rest/data/ABS,ANA_AGG,1.0.0/all?format=csvfilewithlabels",2026-10-05T00:21:15Z,5299330,51ae7236c69e8616185d094c7750c9f2042e4da7b5611bb6ff6401df25c4dbe7
abs_population,data/raw/abs/ERP_Q_AUS_persons_total.csv,"https://data.api.abs.gov.au/rest/data/ABS,ERP_Q,1.0.0/1.3.TOT.AUS.Q?format=csvfilewithlabels",2026-10-05T00:21:18Z,39272,542f9158dce833a1adad5232ad51f7f19a7fcda5571d9038b1ec41f0fe4cf957
ato_ctt,data/raw/ato_ctt/ato_ctt_2013-14.xlsx,https://data.gov.au/data/dataset/c2524c87-cea4-4636-acac-599a82048a26/resource/237d7ede-3a63-4b9b-9434-2f79b9d70ce8/download/2013-14corporate-report-of-entity-tax-information.xlsx,2026-10-05T00:21:21Z,236752,77cd1739b1509d209ac4cb667aec697bfad938462bee60eb58009a6e03f9c81a
ato_ctt,data/raw/ato_ctt/ato_ctt_2014-15.xlsx,https://data.gov.au/data/dataset/c2524c87-cea4-4636-acac-599a82048a26/resource/1e8c8ae0-81d1-4780-a669-9e4a2a6ba1a4/download/2014-15-corporate-report-of-entity-tax-information.xlsx,2026-10-05T00:21:24Z,133026,932f502aa4d2ded17110e2c4821446748c793b26e76bec36938530eec2b0aeaa
ato_ctt,data/raw/ato_ctt/ato_ctt_2015-16.xlsx,https://data.gov.au/data/dataset/c2524c87-cea4-4636-acac-599a82048a26/resource/b84c2b8d-c595-4219-987d-fc1add7f00f0/download/2015-16-corporate-report-of-entity-tax-information.xlsx,2026-10-05T00:21:26Z,145896,cf7f956124ecb35f763148f44fbee517ba256ee3077f11d4817558e40dc37c4d
ato_ctt,data/raw/ato_ctt/ato_ctt_2016-17.xlsx,https://data.gov.au/data/dataset/c2524c87-cea4-4636-acac-599a82048a26/resource/5eb443b4-d0bb-4a88-a189-4523dbcd7f15/download/2016-17-corporate-report-of-entity-tax-information.xlsx,2026-10-05T00:21:28Z,157038,b7413901ccf60a16fd3aad141e809576272f56830800f737bb691f5942eba462
ato_ctt,data/raw/ato_ctt/ato_ctt_2017-18.xlsx,https://data.gov.au/data/dataset/c2524c87-cea4-4636-acac-599a82048a26/resource/69b1061c-3769-48bd-b5a1-05e725543f6c/download/2017-18-corporate-report-of-entity-tax-information.xlsx,2026-10-05T00:21:30Z,155895,cfa85f32a9f36d4a813fc4bcf197edb178fc1575d31ad157e814dbcd109791cd
ato_ctt,data/raw/ato_ctt/ato_ctt_2018-19.xlsx,https://data.gov.au/data/dataset/c2524c87-cea4-4636-acac-599a82048a26/resource/827f68ea-83c0-440e-bb6d-4118644b7efd/download/2018-19-corporate-report-of-entity-tax-information.xlsx,2026-10-05T00:21:32Z,153276,edc4b00aa72a3b733c3184e2b728b5dcf0b253354dc355884e2cc6aeabf81b80
ato_ctt,data/raw/ato_ctt/ato_ctt_2019-20.xlsx,https://data.gov.au/data/dataset/c2524c87-cea4-4636-acac-599a82048a26/resource/db83e667-819f-41f3-a8b7-fcb13366105b/download/2019-20-corporate-report-of-entity-tax-information.xlsx,2026-10-05T00:21:35Z,158250,9f15876e080d960aff6d09f03736c3a7dc418e0affa15ae6238594e98d9cc83b
ato_ctt,data/raw/ato_ctt/ato_ctt_2020-21.xlsx,https://data.gov.au/data/dataset/c2524c87-cea4-4636-acac-599a82048a26/resource/80a01133-4281-43ce-b5ef-5535d61e1c1f/download/2020-21-corporate-report-of-entity-tax-information.xlsx,2026-10-05T00:21:38Z,165699,bf13e50fae95a092015664e556e204b7d28dea1211f816a4665e1e61236d0c1a
ato_ctt,data/raw/ato_ctt/ato_ctt_2021-22.xlsx,https://data.gov.au/data/dataset/c2524c87-cea4-4636-acac-599a82048a26/resource/6eaf8203-a79b-43f0-9671-feeb1a44cbff/download/2021-22-corporate-report-of-entity-tax-information.xlsx,2026-10-05T00:21:40Z,196060,72a111239b7680d8895741043448b4ff89264d552ea09fe4f3514e7d0f5a147f
ato_ctt,data/raw/ato_ctt/ato_ctt_2022-23.xlsx,https://data.gov.au/data/dataset/c2524c87-cea4-4636-acac-599a82048a26/resource/3281f733-6f53-431b-84f5-d824c6bd9e60/download/2022-23-corporate-report-of-entity-tax-information.xlsx,2026-10-05T00:21:43Z,273519,10875380a2e8c6f1ded5900095e727195f8d68ede21d040fd33d16f531918b47
ato_ctt,data/raw/ato_ctt/ato_ctt_2023-24.xlsx,https://data.gov.au/data/dataset/c2524c87-cea4-4636-acac-599a82048a26/resource/491b366b-aa6f-4b1c-b39d-cebaeeb6f874/download/2023-24-corporate-report-of-entity-tax-information.xlsx,2026-10-05T00:21:44Z,276536,6b47837efab92e1eb2b0cacc46945376a5b185c1b16814146c3282a1921b0c75
ato_ctt,data/raw/ato_ctt/ato_ctt_2024-25.xlsx,https://data.gov.au/data/dataset/c2524c87-cea4-4636-acac-599a82048a26/resource/15bf4eaa-7a14-48e9-8a3f-092df32a644e/download/2024-25-corporate-report-of-entity-tax-information.xlsx,2026-10-05T00:21:47Z,290711,d7772fa282c90be6aabaf5893c60d63bd0c896534b10256abed175f6a05fa754
